Formula ID,Intended Level of Use in %,Keywords,List of Countries of Destination,Product Type,Recommended Shelf Life (in months),Region
1,6.0,Topping,Croatia,Decorations,9,OCEA
2,6.0,BIO cerfited    Dosage 4 to 6%                     sweet dough appilcation,Belgium,Pdts formulated w/o active yeasts/ferm. Improvers,6,Western Europe
3,50.0,"oat, yoghurt",Austria,Pdts formulated w/o active yeasts/ferm. Mixes/Premixes,9,OCEA
4,50.0,Potato bun premix for Sanabel,Iraq,Pdts formulated w/o active yeasts/ferm. Improvers,6,Middle East Africa
5,3.6,"YGB
YGB TRAD
YGB TRADITIONAL",Morocco,Pdts formulated w/ active yeasts/ferm (<90%),9,Middle East Africa
6,4.7544,"SFO
SFO STYLE
SFO STYLE PREMIX","Korea, Republic of
Philippines
Sri Lanka
Viet Nam",Pdts formulated w/o active yeasts/ferm. Mixes/Premixes,24,Overseas APAC
7,7.0,"ES9340B
BAKELS
BVM AI HOCEIMA MSZ",Netherlands,Pdts formulated w/o active yeasts/ferm. Improvers,24,Western Europe
8,3.0,ES09429A,Greece,Pdts formulated w/o active yeasts/ferm. Improvers,24,Western Europe
9,5.0,Intégration formule historique  projet qualité de la donnée,Morocco,Pdts formulated w/o active yeasts/ferm. Improvers,24,Middle East Africa
10,23.4,"PIZZA HUT
Frozen dough",United States of America,Pdts formulated w/o active yeasts/ferm. Improvers,24,North America
11,23.4,"PIZZA HUT
Frozen dough",France,Pdts formulated w/o active yeasts/ferm. Improvers,24,North America
12,20.0,no added sugar toast bread,Greece,Pdts formulated w/o active yeasts/ferm. Mixes/Premixes,24,Western Europe
13,20.0,"My Sourdough
ES08982E","Belgium
Netherlands
Luxembourg",Starters for sourdoughs,6,Western Europe
14,2.5344,"PAN
FROZEN PAN
FROZEN PAN PREMIX",Singapore,Pdts formulated w/o active yeasts/ferm. Mixes/Premixes,24,Overseas APAC
15,2.5,part baked,"Austria
Germany",Pdts formulated w/o active yeasts/ferm. Improvers,24,Western Europe
16,2.1682,ASIAN SFO DOUGH BLEND,Thailand,Pdts formulated w/ active yeasts/ferm (<90%),24,Overseas APAC
17,2.0,bagel improver Fitzgeralds,"United Kingdom
Ireland",Pdts formulated w/o active yeasts/ferm. Improvers,24,Western Europe
18,2.0,Stefani,Italy,Pdts formulated w/o active yeasts/ferm. Improvers,24,Western Europe
19,2.0,"STEFANI
Panificio Stefani Group",Italy,Pdts formulated w/o active yeasts/ferm. Improvers,24,Western Europe
20,2.0,"STEFANI
Panificio Stefani Group",Italy,Pdts formulated w/o active yeasts/ferm. Improvers,24,Western Europe
21,2.0,"Pain Minute Fresh
Partbaked
Wholemeal
The Netherlands",Netherlands,Pdts formulated w/o active yeasts/ferm. Improvers,9,Western Europe
22,6.0,"L112, Enz 0014",France,Compressed yesats,2,Western Europe
23,6.0,"L112, Enz 0014",France,Compressed yesats,2,Western Europe
24,6.0,"L112, Enz 0014",France,Compressed yesats,2,Western Europe
25,6.0,"L112, Enz 0014",France,Compressed yesats,2,Western Europe
26,4.2,vahine clean label,France,Pdts formulated w/ active yeasts/ferm (<90%),18,Western Europe
27,2.0,"Softness, resilence",China,Pdts formulated w/o active yeasts/ferm. Improvers,18,Greater China
28,15.0,Premix seeds,Romania,Pdts formulated w/o active yeasts/ferm. Mixes/Premixes,9,OCEA
29,7.0,Product Type: Deactive Yeast,Turkey,Functional ingr. Deativ yeastsw/ red effect,12,MECA
30,7.0,Product Type: Deactive Yeast,Turkey,Functional ingr. Deativ yeastsw/ red effect,12,MECA
31,2.4,"pizza
blend",Saudi Arabia,Pdts formulated w/ active yeasts/ferm (>90%),12,MECA
32,5.0,"pizza
blend",Saudi Arabia,Pdts formulated w/ active yeasts/ferm (>90%),12,MECA
33,4.0,For Dominos Pizza Turkey Company Product (Pizza Restaurantları A.Ş.),Turkey,Pdts formulated w/o active yeasts/ferm. Improvers,12,MECA
34,70.0,keto bread mix,United Kingdom,Pdts formulated w/o active yeasts/ferm. Mixes/Premixes,12,Western Europe
35,4.0,bagel improver,United Kingdom,Pdts formulated w/o active yeasts/ferm. Improvers,12,Western Europe
36,2.5,microwave pizza improver,United Kingdom,Pdts formulated w/o active yeasts/ferm. Improvers,12,Western Europe
37,2.5,FTP,"United Kingdom
Ireland
Netherlands
Germany",Pdts formulated w/o active yeasts/ferm. Improvers,12,Western Europe
38,2.5,FTP,"United Kingdom
Ireland
Netherlands
Germany",Pdts formulated w/o active yeasts/ferm. Improvers,12,Western Europe
39,4.0,PIZZA,Saudi Arabia,Pdts formulated w/ active yeasts/ferm (>90%),12,MECA
40,4.5,PIZZA,"Saudi Arabia
Qatar",Pdts formulated w/ active yeasts/ferm (>90%),12,MECA
41,5.0,Soft Roll,United Kingdom,Pdts formulated w/o active yeasts/ferm. Mixes/Premixes,12,Western Europe
42,2.0,bagel improver Fitzgeralds,United Kingdom,Pdts formulated w/o active yeasts/ferm. Improvers,12,Western Europe
43,33.0,Seed bread,Romania,Pdts formulated w/o active yeasts/ferm. Mixes/Premixes,12,OCEA
44,2.5,"minute
fully baked",Belgium,Pdts formulated w/o active yeasts/ferm. Improvers,12,Western Europe
45,2.5,"minute
fully baked",Belgium,Pdts formulated w/o active yeasts/ferm. Improvers,12,Western Europe
46,2.5,WHOLEMEAL FTP,United Kingdom,Pdts formulated w/o active yeasts/ferm. Improvers,12,Western Europe
47,2.0,Pre Proofed Frozen,United Arab Emirates,Pdts formulated w/o active yeasts/ferm. Improvers,12,MECA
48,4.0,OLASENA,Italy,Pdts formulated w/o active yeasts/ferm. Improvers,12,Western Europe
49,4.0,OLASENA,Italy,Pdts formulated w/o active yeasts/ferm. Improvers,12,Western Europe
50,4.0,OLASENA,Italy,Pdts formulated w/o active yeasts/ferm. Improvers,12,Western Europe
51,30.0,"Pizza, Premix",China,Pdts formulated w/o active yeasts/ferm. Mixes/Premixes,12,Greater China
52,25.0,"Danish, Croissant, Premix",China,Pdts formulated w/o active yeasts/ferm. Mixes/Premixes,12,Greater China
53,2.0,Frozen improver,Saudi Arabia,Pdts formulated w/o active yeasts/ferm. Improvers,12,Middle East Africa
54,3.6,blend,Turkey,Pdts formulated w/ active yeasts/ferm (<90%),12,MECA
55,5.0,DOUGH BLEND,Switzerland,Pdts formulated w/ active yeasts/ferm (<90%),12,Western Europe
56,20.0,Potato bun premix,"Saudi Arabia
Qatar
Yemen",Pdts formulated w/o active yeasts/ferm. Mixes/Premixes,12,Middle East Africa
57,5.0,Liquied Deactive Rye Sourdough,Turkey,Devitalized sourdoughs,12,MECA
58,5.0,"Pain Minute Fresh
Partbaked
Wholemeal
The Netherlands",The Netherlands,Pdts formulated w/o active yeasts/ferm. Improvers,12,Western Europe
59,2.0,AML enzyme cocktail,Netherlands,Pdts formulated w/o active yeasts/ferm. Milling Correctors. Optimix,12,Western Europe
60,3.0,ES 08696 E,Netherlands,Pdts formulated w/o active yeasts/ferm. Improvers,12,Western Europe
61,5.0,POL 163,Poland,Functional ingr. Deativ yeastsw/ red effect,12,OCEA
62,3.0,MATER MIA,Italy,Pdts formulated w/ active yeasts/ferm (<90%),12,Western Europe
63,3.0,Baking Powder with Oil,United Kingdom of Great Britain and Northern Ireland,Acidifiers,12,Western Europe
64,3.0,BAKING POWDER,United Kingdom,Acidifiers,12,Western Europe
65,3.0,encap bp,United Kingdom,Pure functionnal ingredients,12,Western Europe
66,3.0,"ES09146B 
SAFMILL SAVEUR 
Artesienne",France,Devitalized sourdoughs,12,Western Europe
67,4.5,CHEEZIOUS,Pakistan,Pdts formulated w/ active yeasts/ferm (<90%),12,Middle East Africa
68,4.5,CHEEZIOUS,Pakistan,Pdts formulated w/ active yeasts/ferm (<90%),12,Middle East Africa
69,3.0,185b,United Kingdom,Pure functionnal ingredients,12,Western Europe
70,18.5,Pinza 18.5,United Kingdom,Devitalized sourdoughs,12,Western Europe
71,5.0,Pell K Donut match,United Kingdom,Pure functionnal ingredients,12,Western Europe
72,5.0,Match Pell Gemini BP,United Kingdom,Pure functionnal ingredients,12,Western Europe
73,3.0,Match Pell K rise,United Kingdom,Pure functionnal ingredients,12,Western Europe
74,3.0,Match Pell Restrain,United Kingdom,Pure functionnal ingredients,12,Western Europe
75,3.0,Match Zeus KA20 GF,United Kingdom,Pure functionnal ingredients,12,Western Europe
76,5.86,"SFO
SFO BOH","Mongolia
Viet Nam",Pdts formulated w/ active yeasts/ferm (<90%),12,Overseas APAC
77,5.86,"SFO
SFO BOH","Mongolia
Viet Nam",Pdts formulated w/ active yeasts/ferm (<90%),12,Overseas APAC
78,3.0,ES 09277 A,France,Pdts formulated w/o active yeasts/ferm. Improvers,12,Western Europe
79,5.0,"Panettone
8796W
8796",France,Pdts formulated w/ active yeasts/ferm (<90%),12,Western Europe
80,5.0,"Panettone
09470
08796
COMPTOIR MEUNIER",France,Pdts formulated w/ active yeasts/ferm (<90%),12,Western Europe
81,25.0,"Viennoiserie
ES 09374 A 100%
ES 09374 B  25%",Netherlands,Pdts formulated w/o active yeasts/ferm. Mixes/Premixes,12,Western Europe
82,3.0,snowdrop bp,United Kingdom,Pure functionnal ingredients,12,Western Europe
83,3.0,"Croustilis Plus
No soy bean or 'bleaching' ingredients
More warm crust colour",Netherlands,Pdts formulated w/o active yeasts/ferm. Improvers,12,Western Europe
84,3.0,"Croustilis Plus
No soy bean or 'bleaching' ingredients
More warm crust colour
9377D",Netherlands,Pdts formulated w/o active yeasts/ferm. Improvers,12,Western Europe
85,2.0,"holder
ES 09381A",France,Pdts formulated w/o active yeasts/ferm. Improvers,12,Western Europe
86,2.0,"lv4
S400",Germany,Starters for sourdoughs,12,Western Europe
87,3.0,MGX sandwich kpd 3 %,Ukraine,Pdts formulated w/o active yeasts/ferm. Improvers,12,OCEA
88,3.0,MGX Tost kpd 3%,Ukraine,Pdts formulated w/o active yeasts/ferm. Improvers,12,OCEA
89,5.0,Tost KHI,Ukraine,Pdts formulated w/o active yeasts/ferm. Improvers,12,OCEA
90,2.5,Naas Improver for Bulk,United Kingdom,Pdts formulated w/o active yeasts/ferm. Improvers,12,Western Europe
91,2.0,3 in 1,China,Fermented products preparations,12,Greater China
92,3.0,Sneck LUA 3 %,Ukraine,Pdts formulated w/o active yeasts/ferm. Improvers,12,OCEA
93,2.5,Hot hold for 3hrs at 87 degrees,United Kingdom,Functional ingr. Deativ yeastsw/ red effect,12,Western Europe
94,2.0,Hot hold for 3hrs at 87 degrees,United Kingdom,Functional ingr. Deativ yeastsw/ red effect,12,Western Europe
95,20000.0,"My Sourdough
ES08982E","Belgium
Netherlands
Luxembourg",Starters for sourdoughs,12,Western Europe
96,4.0,Training for Yvonne on LIP,Kenya,Pdts formulated w/o active yeasts/ferm. Mixes/Premixes,12,Middle East Africa
97,3.0,"ES 04181 O
AM Boul pâte
HOLDER",France,Pdts formulated w/o active yeasts/ferm. Improvers,12,Western Europe
98,30.0,Corn premix,Jordan,Pdts formulated w/o active yeasts/ferm. Mixes/Premixes,12,Middle East Africa
99,15.0,Premix with sourdough and seeds,Croatia,Pdts formulated w/o active yeasts/ferm. Mixes/Premixes,12,OCEA
100,2.0,"sweet yeast dough, softness, machinability",Germany,Pdts formulated w/o active yeasts/ferm. Improvers,12,Western Europe
101,2.0,"Lorraine
La Lorraine 
ES 09442 E",Belgium,Liquid yeasts,12,Western Europe
102,25.0,Madeira Concentrate at 25%,Kenya,Pdts formulated w/o active yeasts/ferm. Mixes/Premixes,12,Middle East Africa
103,4.0,4% Bread Premix,Kenya,Pdts formulated w/o active yeasts/ferm. Mixes/Premixes,12,Middle East Africa
104,12.0,Croissant,Slovakia,Pdts formulated w/ active yeasts/ferm (<90%),12,OCEA
105,3.95,Non hydro muffin,United Kingdom,Pdts formulated w/o active yeasts/ferm. Improvers,12,Western Europe
106,3.95,Non hydro muffin,United Kingdom,Pdts formulated w/o active yeasts/ferm. Improvers,12,Western Europe
107,5.0,"TRADITION
TERROIR
ES07470E
7470",France,Pdts formulated w/o active yeasts/ferm. Improvers,12,Western Europe
108,3.0,"9446C
Roelandt",Belgium,Pdts formulated w/o active yeasts/ferm. Improvers,12,Western Europe
109,5.0,Pain Minute Fresh enz 4109,Poland,Pdts formulated w/o active yeasts/ferm. Improvers,12,OCEA
110,2.5,"laminated dough, PPF",Austria,Pdts formulated w/o active yeasts/ferm. Improvers,12,OCEA
111,25.0,sponge KB,United Kingdom,Pdts formulated w/o active yeasts/ferm. Mixes/Premixes,12,Western Europe
112,6.0,repack,United Kingdom,Pure functionnal ingredients,12,Western Europe
113,9.7,repack,United Kingdom,Pure functionnal ingredients,12,Western Europe
114,6.0,repack,United Kingdom,Pure functionnal ingredients,12,Western Europe
115,2.0,Alexakis,Greece,Pdts formulated w/o active yeasts/ferm. Improvers,12,Western Europe
116,40.0,Mieszanka Beta - Glukan,Poland,Pdts formulated w/o active yeasts/ferm. Mixes/Premixes,12,OCEA
117,2.5,freshness,Belgium,Pure functionnal ingredients,12,Western Europe
118,4.0,"3 in 1, tailor made",China,Pdts formulated w/ active yeasts/ferm (<90%),12,Greater China
119,40.0,spelt,Poland,Pdts formulated w/o active yeasts/ferm. Mixes/Premixes,12,OCEA
120,4.0,TORTILLA,Poland,Pdts formulated w/o active yeasts/ferm. Improvers,12,OCEA
121,2.0,supreme baking powder,United Kingdom of Great Britain and Northern Ireland,Pdts formulated w/o active yeasts/ferm. Improvers,12,Western Europe
122,2.0,GF Baking powder,United Kingdom of Great Britain and Northern Ireland,Pdts formulated w/o active yeasts/ferm. Mixes/Premixes,12,Western Europe
123,5.0,SIGNATURE TORTILLA,United Kingdom of Great Britain and Northern Ireland,Pdts formulated w/o active yeasts/ferm. Mixes/Premixes,12,Western Europe
124,13.0,AIROS,Spain,Pdts formulated w/o active yeasts/ferm. Improvers,12,Western Europe
125,100.0,High Protein Mix,United Kingdom,Pdts formulated w/o active yeasts/ferm. Mixes/Premixes,12,Western Europe
126,100.0,Korean corn dog mix - Maguro group,United Kingdom,Pdts formulated w/o active yeasts/ferm. Mixes/Premixes,12,Western Europe
127,100.0,Korean corn dog mix - Maguro group,United Kingdom,Pdts formulated w/o active yeasts/ferm. Mixes/Premixes,12,Western Europe
128,100.0,Inventis 50 50 doughnut,United Kingdom,Pdts formulated w/o active yeasts/ferm. Mixes/Premixes,12,Western Europe
129,100.0,scone mix,United Kingdom,Pdts formulated w/o active yeasts/ferm. Mixes/Premixes,6,Western Europe
130,100.0,ADM Pancake mix,United Kingdom,Pdts formulated w/o active yeasts/ferm. Mixes/Premixes,12,Western Europe
131,100.0,ancient grains with Spelt sour,United Kingdom,Pdts formulated w/o active yeasts/ferm. Mixes/Premixes,12,Western Europe
132,100.0,Gluten Free,United Kingdom,Pdts formulated w/o active yeasts/ferm. Mixes/Premixes,12,Western Europe
133,100.0,Yuva Mix,Turkey,Pdts formulated w/o active yeasts/ferm. Mixes/Premixes,12,MECA
134,100.0,Carrot Cake,United Kingdom,Pdts formulated w/o active yeasts/ferm. Mixes/Premixes,12,Western Europe
135,100.0,Tiger paste,United Kingdom,Pure functionnal ingredients,12,Western Europe
136,100.0,"Classic pizza mix.
HSFF guidelines",United Kingdom,Functional ingr. Deativ yeastsw/ red effect,12,Western Europe
137,100.0,Nestlé,Switzerland,Pdts formulated w/o active yeasts/ferm. Mixes/Premixes,12,Western Europe
138,100.0,Savoury Waffle mix,United Kingdom,Pdts formulated w/o active yeasts/ferm. Mixes/Premixes,12,Western Europe
139,100.0,kirton sheet conc,United Kingdom,Pdts formulated w/o active yeasts/ferm. Mixes/Premixes,12,Western Europe
140,100.0,Swiss roll M&S using Emulpals 110,United Kingdom,Pdts formulated w/o active yeasts/ferm. Mixes/Premixes,12,Western Europe
141,100.0,CSF Chocolate,United Kingdom,Pdts formulated w/o active yeasts/ferm. Mixes/Premixes,12,Western Europe
142,100.0,CSF vanilla,United Kingdom,Pdts formulated w/o active yeasts/ferm. Mixes/Premixes,12,Western Europe
143,100.0,madeira cake,United Kingdom,Pdts formulated w/o active yeasts/ferm. Mixes/Premixes,12,Western Europe
144,100.0,Multigrain bread with a low glycemic index 100% LCZ,Czech Republic,Pdts formulated w/o active yeasts/ferm. Mixes/Premixes,12,OCEA
145,100.0,Maxi Grain 100% LCZ,Czech Republic,Pdts formulated w/o active yeasts/ferm. Mixes/Premixes,12,OCEA
146,100.0,KB Muffin  chocolate,United Kingdom,Pdts formulated w/o active yeasts/ferm. Mixes/Premixes,12,Western Europe
147,100.0,cake Inn,United Kingdom,Pdts formulated w/o active yeasts/ferm. Mixes/Premixes,12,Western Europe
148,100.0,cake Inn,United Kingdom,Pdts formulated w/o active yeasts/ferm. Mixes/Premixes,12,Western Europe
149,100.0,cake inn choc,United Kingdom,Pdts formulated w/o active yeasts/ferm. Mixes/Premixes,12,Western Europe
150,100.0,BROWNIE,United Kingdom,Pdts formulated w/o active yeasts/ferm. Mixes/Premixes,12,Western Europe
151,100.0,eggless brownie,United Kingdom,Pdts formulated w/o active yeasts/ferm. Mixes/Premixes,12,Western Europe
152,100.0,A1 Fudge Brownie,United Kingdom,Pdts formulated w/o active yeasts/ferm. Mixes/Premixes,12,Western Europe
153,100.0,eggless sugar free,United Kingdom,Pdts formulated w/o active yeasts/ferm. Mixes/Premixes,12,Western Europe
154,100.0,pancake mix,United Kingdom,Pdts formulated w/o active yeasts/ferm. Mixes/Premixes,12,Western Europe
155,100.0,eggless plain,United Kingdom,Pdts formulated w/o active yeasts/ferm. Mixes/Premixes,12,Western Europe
156,100.0,eggless choc,United Kingdom,Pdts formulated w/o active yeasts/ferm. Mixes/Premixes,12,Western Europe
157,100.0,choc sponge eggles,United Kingdom,Pdts formulated w/o active yeasts/ferm. Mixes/Premixes,12,Western Europe
158,100.0,cake Inn,United Kingdom,Pdts formulated w/o active yeasts/ferm. Mixes/Premixes,12,Western Europe
159,100.0,Carrot,United Kingdom,Pdts formulated w/o active yeasts/ferm. Mixes/Premixes,12,Western Europe
160,100.0,Kirtons special sheet cake,United Kingdom,Pdts formulated w/o active yeasts/ferm. Mixes/Premixes,12,Western Europe
161,100.0,KB sponge,United Kingdom,Pdts formulated w/o active yeasts/ferm. Mixes/Premixes,12,Western Europe
162,100.0,Low GI Mix Multigrain 100% LCZ,Czech Republic,Pdts formulated w/o active yeasts/ferm. Mixes/Premixes,12,OCEA
163,100.0,genoese,United Kingdom,Pdts formulated w/o active yeasts/ferm. Mixes/Premixes,12,Western Europe
164,100.0,genoese,United Kingdom,Pdts formulated w/o active yeasts/ferm. Mixes/Premixes,12,Western Europe
165,100.0,KB sponge,United Kingdom of Great Britain and Northern Ireland,Pdts formulated w/o active yeasts/ferm. Mixes/Premixes,12,Western Europe
166,100.0,Classic Sourdough Pizza Mix,United Kingdom,Pure functionnal ingredients,12,Western Europe
167,100.0,Neapolitan Pizza Mix,United Kingdom,Pure functionnal ingredients,12,Western Europe
168,100.0,Neapolitan Pizza Mix no yeast,United Kingdom,Pure functionnal ingredients,12,Western Europe
169,100.0,New York Pizza Mix,United Kingdom,Pure functionnal ingredients,12,Western Europe
170,100.0,New York Pizza Mix,United Kingdom,Pure functionnal ingredients,12,Western Europe
171,100.0,Poppy seed filling,Austria,Pdts formulated w/o active yeasts/ferm. Mixes/Premixes,4,OCEA
172,100.0,Burger Buns,Slovakia,Pdts formulated w/o active yeasts/ferm. Mixes/Premixes,12,OCEA
173,100.0,Brioche B2C,Slovakia,Pdts formulated w/o active yeasts/ferm. Mixes/Premixes,12,OCEA
174,100.0,doughnuts B2C,Slovakia,Pdts formulated w/o active yeasts/ferm. Mixes/Premixes,12,OCEA
175,100.0,BROWNIE MIX,United Kingdom of Great Britain and Northern Ireland,Pdts formulated w/o active yeasts/ferm. Mixes/Premixes,12,Western Europe
176,100.0,VEGAN CAKE MIX,United Kingdom of Great Britain and Northern Ireland,Pdts formulated w/o active yeasts/ferm. Mixes/Premixes,12,Western Europe
177,100.0,VEGAN CAKE MIX,United Kingdom of Great Britain and Northern Ireland,Pdts formulated w/o active yeasts/ferm. Mixes/Premixes,12,Western Europe
178,100.0,CREME CAKE MIX,United Kingdom of Great Britain and Northern Ireland,Pdts formulated w/o active yeasts/ferm. Mixes/Premixes,12,Western Europe
179,10.0,"BLEND
TSOUREKI
ES9338",Greece,Pdts formulated w/ active yeasts/ferm (<90%),24,Western Europe
180,10.0,"vollkorn sandwich bread 
organic",Germany,Pdts formulated w/o active yeasts/ferm. Improvers,6,Western Europe
181,10.0,a1 sponge conc,United Kingdom,Pdts formulated w/o active yeasts/ferm. Mixes/Premixes,12,Western Europe
182,10.0,Premix,United Kingdom,Pdts formulated w/o active yeasts/ferm. Mixes/Premixes,12,Western Europe
183,10.0,pancake mix,United Kingdom,Pdts formulated w/o active yeasts/ferm. Mixes/Premixes,12,Western Europe
184,10.0,Premixes with dry sourdough,Croatia,Pdts formulated w/o active yeasts/ferm. Mixes/Premixes,12,OCEA
185,15.0,Drożdżowe babuni,Poland,Pdts formulated w/o active yeasts/ferm. Mixes/Premixes,10,OCEA
186,1.7,PPF 2in1 improver baking powder,China,Pdts formulated w/o active yeasts/ferm. Mixes/Premixes,18,Greater China
187,1.7,2in1 improver PPF baozi,China,Pdts formulated w/o active yeasts/ferm. Improvers,18,Greater China
188,1.6,"softness, resilience,volume",China,Pdts formulated w/o active yeasts/ferm. Improvers,18,Greater China
189,1.5,frozen dough,Australia,Pdts formulated w/o active yeasts/ferm. Improvers,12,Overseas APAC
190,1.5,Pizza Express,United Kingdom,Pdts formulated w/o active yeasts/ferm. Improvers,12,Western Europe
191,1.5,Bread Imp.,Turkey,Pdts formulated w/o active yeasts/ferm. Improvers,12,MECA
192,1.5,Shelf life enhancer,United Kingdom,Pure functionnal ingredients,12,Western Europe
193,1.5,Shelf life enhancer,United Kingdom,Pure functionnal ingredients,12,Western Europe
194,1.5,"Softner
ES 09358
09358 N",Finland,Pdts formulated w/o active yeasts/ferm. Improvers,24,Western Europe
195,1.5,Croissant PPF,Hungary,Pdts formulated w/o active yeasts/ferm. Improvers,12,OCEA
196,1.5,"ES09362A
Moulin des Moines",France,Pdts formulated w/o active yeasts/ferm. Improvers,12,Western Europe
197,1.5,LEÇ TOR2,Turkey,Pdts formulated w/ active yeasts/ferm (<90%),12,Middle East Africa
198,1.5,"IBIS VIOLET
CL
MOELLEUX",France,Pdts formulated w/o active yeasts/ferm. Improvers,12,Western Europe
199,1.5,"IBIS VIOLET
CL
MOELLEUX",France,Pdts formulated w/o active yeasts/ferm. Improvers,12,Western Europe
200,1.5,pizza conc,United Kingdom of Great Britain and Northern Ireland,Pdts formulated w/o active yeasts/ferm. Improvers,12,Western Europe
201,1.2,PPF 2in1 improver baking powder,China,Pdts formulated w/o active yeasts/ferm. Mixes/Premixes,12,Greater China
202,1.0,ARYZTA,Australia,Pure functionnal ingredients,12,Overseas APAC
203,1.0,Energie Ultra improver match,United Kingdom,Pdts formulated w/o active yeasts/ferm. Improvers,12,Western Europe
204,1.0,Staffords Clean label double bake,United Kingdom,Pdts formulated w/o active yeasts/ferm. Improvers,12,Western Europe
205,1.0,"FTO
FREEZER TO OVEN",Australia,Pdts formulated w/o active yeasts/ferm. Improvers,12,Overseas APAC
206,1.0,bread improver,Lebanon,Pdts formulated w/o active yeasts/ferm. Improvers,12,MECA
207,1.0,RUSK,Italy,Pdts formulated w/o active yeasts/ferm. Improvers,24,Western Europe
208,1.0,BAKING POWDER,France,Pdts formulated w/o active yeasts/ferm. Improvers,24,Western Europe
209,1.0,Substitution SUP 505,Greece,Pdts formulated w/o active yeasts/ferm. Improvers,24,Western Europe
210,1.0,DYNOMALT,Italy,Pdts formulated w/o active yeasts/ferm. Improvers,24,Western Europe
211,1.0,PE + Box,Turkey,Pdts formulated w/o active yeasts/ferm. Improvers,12,MECA
212,1.0,Pain Minute Fresh,France,Pdts formulated w/o active yeasts/ferm. Improvers,24,Western Europe
213,1.0,"Top green
Sourdough",Italy,Pdts formulated w/o active yeasts/ferm. Improvers,12,Western Europe
214,1.0,"organic
rusks",Italy,Pdts formulated w/o active yeasts/ferm. Improvers,6,Western Europe
215,1.0,improver pan artisan frozen dough ball,United Kingdom,Pdts formulated w/o active yeasts/ferm. Improvers,12,Western Europe
216,1.0,softness,Ukraine,Pdts formulated w/o active yeasts/ferm. Improvers,12,OCEA
217,1.0,"Stergiou
F302956",Greece,Pdts formulated w/o active yeasts/ferm. Improvers,12,Western Europe
218,1.0,"SAFMILL SAVEUR
Bellot",France,Devitalized sourdoughs,12,Western Europe
219,1.0,"Frozen dough Pizza disc
1% usage rate",United Kingdom,Functional ingr. Deativ yeastsw/ red effect,12,Western Europe
220,1.0,F 3 03454/01,France,Pdts formulated w/o active yeasts/ferm. Improvers,12,Western Europe
221,1.0,"ST 2265
Optiva LS","Philippines
Thailand
Malaysia
Indonesia",Instant dry yeasts,24,Overseas APAC
222,1.0,"ST 2265
Optiva LS","Philippines
Thailand
Malaysia
Indonesia",Instant dry yeasts,24,Overseas APAC
223,1.0,D,"Philippines
Thailand",Active dry yeasts,24,Overseas APAC
224,1.0,"ST 2265
Optiva LS","Philippines
Thailand
Malaysia
Indonesia",Instant dry yeasts,24,Overseas APAC
225,1.0,ST 226 - Optiva LS Prime G,"Philippines
Thailand
Indonesia
Malaysia",Active dry yeasts,24,Overseas APAC
226,1.0,ST 2265 - Optiva LS Prime G,"Philippines
Thailand
Indonesia
Malaysia",Active dry yeasts,24,Overseas APAC
227,1.0,ST 2265 - Optiva LS Prime G,"Philippines
Thailand
Indonesia
Malaysia",Active dry yeasts,24,Overseas APAC
228,1.0,ST 2265 - Optiva LS Prime G,"Philippines
Thailand
Indonesia
Malaysia",Active dry yeasts,24,Overseas APAC
229,1.0,Hot hold for 3hrs at 87 degrees,United Kingdom,Functional ingr. Deativ yeastsw/ red effect,12,Western Europe
230,1.0,Extended shelf life,United Kingdom,Functional ingr. Deativ yeastsw/ red effect,12,Western Europe
231,1.0,Extended shelf life,United Kingdom,Functional ingr. Deativ yeastsw/ red effect,12,Western Europe
232,1.0,Chinese hamburger,China,Fermented products preparations,18,Greater China
233,1.0,PIDE,Turkey,Pdts formulated w/o active yeasts/ferm. Improvers,12,Middle East Africa
234,1.0,Lahmacun improver,Turkey,Pdts formulated w/o active yeasts/ferm. Improvers,12,Middle East Africa
235,1.0,EU relaxer only,United Kingdom,Functional ingr. Deativ yeastsw/ red effect,12,Western Europe
236,1.0,clean label product,China,Pure functionnal ingredients,18,Greater China
237,1.0,PIZZA HUT CHINA,China,Pdts formulated w/o active yeasts/ferm. Improvers,12,Greater China
238,1.0,Naas,United Kingdom,Pdts formulated w/o active yeasts/ferm. Improvers,12,Western Europe
239,1.0,250262,Australia,Pdts formulated w/o active yeasts/ferm. Improvers,12,Overseas APAC
240,1.0,Non fortified flour for Ireland,United Kingdom,Pure functionnal ingredients,12,Western Europe
241,1.0,"antistaling, texture",Hungary,Pdts formulated w/o active yeasts/ferm. Improvers,12,OCEA
242,1.0,"Baking powder, PPF baozi",China,Pdts formulated w/o active yeasts/ferm. Improvers,18,Greater China
243,1.0,"PIZZA HUT
YGB PAN
YGB PAN OPTIMIX
YGB PAN OPTIMIX US",United States of America,Pdts formulated w/o active yeasts/ferm. Improvers,24,North America
244,1.0,"SUPER SOFT
ES09503A
09503A","France
Greece",Pdts formulated w/o active yeasts/ferm. Improvers,24,Western Europe
245,1.0,Laminados,Argentina,Pdts formulated w/o active yeasts/ferm. Improvers,12,LATAM
246,1.0,Laminados,Argentina,Pdts formulated w/o active yeasts/ferm. Improvers,12,LATAM
247,1.0,"301519/04
DELUXE",Australia,Pdts formulated w/o active yeasts/ferm. Improvers,12,Overseas APAC
248,1.0,"Mejorante
Clean label",Spain,Pdts formulated w/o active yeasts/ferm. Improvers,9,Western Europe
249,1.0,GENERAL PURPOSE,United Kingdom of Great Britain and Northern Ireland,Pdts formulated w/o active yeasts/ferm. Improvers,12,Western Europe
250,1.0,301512/02,Australia,Pdts formulated w/o active yeasts/ferm. Improvers,12,Overseas APAC
251,1.0,bread improver,United Kingdom of Great Britain and Northern Ireland,Pdts formulated w/o active yeasts/ferm. Improvers,12,Western Europe
252,0.9984,OPTIMIX YGB PAN,"Thailand
Viet Nam
Indonesia
Japan
Korea, Republic of
Malaysia
Bangladesh
Brunei Darussalam
Singapore
Philippines
Hong Kong
Taiwan, Province of China",Pdts formulated w/o active yeasts/ferm. Milling Correctors. Optimix,24,Overseas APAC
253,0.8,"improver, burger bun, BAMA",China,Pdts formulated w/o active yeasts/ferm. Improvers,18,Greater China
254,0.8,Anti-mold,China,Pdts formulated w/o active yeasts/ferm. Mixes/Premixes,12,Greater China
255,0.8,"anti-mold
premix
inactive sourdough
preservative",China,Pdts formulated w/o active yeasts/ferm. Mixes/Premixes,12,Greater China
256,0.8,Canadian enrichment 2025,United Kingdom,Pdts formulated w/o active yeasts/ferm. Milling Correctors. Optimix,12,Western Europe
257,0.75,For Dominos Pizza Turkey Company Product (Pizza Restaurantları A.Ş.),Turkey,Pdts formulated w/o active yeasts/ferm. Improvers,12,MECA
258,0.75,softness,Turkey,Pdts formulated w/o active yeasts/ferm. Improvers,12,Middle East Africa
259,0.6,aryzta vitamin D,United Kingdom,Pdts formulated w/o active yeasts/ferm. Improvers,12,Western Europe
260,0.6,Vitamin D Improver,United Kingdom,Pdts formulated w/o active yeasts/ferm. Improvers,12,Western Europe
261,0.6,Premium New crop 2025,United Kingdom,Pdts formulated w/o active yeasts/ferm. Improvers,12,Western Europe
262,0.6,New cop alternative premium,United Kingdom,Pdts formulated w/o active yeasts/ferm. Improvers,12,Western Europe
263,0.6,Crop change 2025,United Kingdom of Great Britain and Northern Ireland,Pdts formulated w/o active yeasts/ferm. Improvers,12,Western Europe
264,0.56,DEBONAIRS,South Africa,Pdts formulated w/ active yeasts/ferm (<90%),12,Overseas Africa
265,0.5,palm free softener,United Kingdom,Pdts formulated w/o active yeasts/ferm. Improvers,12,Western Europe
266,0.5,palm free softener,United Kingdom,Pdts formulated w/o active yeasts/ferm. Improvers,12,Western Europe
267,0.5,"Mejorante
Clean label",Spain,Pdts formulated w/o active yeasts/ferm. Improvers,9,Western Europe
268,0.5,Tolerance / Volume,Ireland,Pdts formulated w/o active yeasts/ferm. Improvers,12,Western Europe
269,0.5,"Minute bread
soft bread
anti flaking
frozen process",Saudi Arabia,Pdts formulated w/o active yeasts/ferm. Improvers,12,MECA
270,0.5,"L 50
ARYZTA.5",Australia,Pdts formulated w/o active yeasts/ferm. Improvers,12,Overseas APAC
271,0.5,datem free,United Kingdom,Pdts formulated w/o active yeasts/ferm. Improvers,12,Western Europe
272,0.5,calvits with folic,United Kingdom,Pdts formulated w/o active yeasts/ferm. Milling Correctors. Optimix,12,Western Europe
273,0.5,"STR
601
STR 601",Australia,Pdts formulated w/o active yeasts/ferm. Improvers,12,Overseas APAC
274,0.5,"Standard improver
Multipurpose",Saudi Arabia,Pdts formulated w/o active yeasts/ferm. Improvers,12,Middle East Africa
275,0.5,"PULSO Baguetbake 40
LLBG",Belgium,Pdts formulated w/o active yeasts/ferm. Improvers,12,Western Europe
276,0.5,birdseye goodfellas pizza,Ireland,Pdts formulated w/o active yeasts/ferm. Improvers,12,Western Europe
277,0.5,improver pan artisan frozen dough ball,United Kingdom,Pdts formulated w/o active yeasts/ferm. Improvers,12,Western Europe
278,0.5,sourdough starter; LV1; China,China,Starters for sourdoughs,24,Greater China
279,0.5,LV4,Germany,Starters for sourdoughs,9,Western Europe
280,0.5,"SAF INSTANT
EXTENSIBILITY",Iraq,Pdts formulated w/ active yeasts/ferm (>90%),12,MECA
281,0.5,"SAF INSTANT
EXTENSIBILITY",Iraq,Pdts formulated w/ active yeasts/ferm (>90%),24,MECA
282,0.5,"lv4
S400",Germany,Starters for sourdoughs,12,Western Europe
283,0.5,"lv4
S400",Germany,Starters for sourdoughs,12,Western Europe
284,0.5,Ibis soft ireland,United Kingdom,Pdts formulated w/o active yeasts/ferm. Improvers,12,Western Europe
285,0.5,Krispy Kreme donut softness 2-3 days,Philippines,Pdts formulated w/o active yeasts/ferm. Improvers,24,Overseas APAC
286,0.5,CL Improver Lantmannen,"Romania
Poland",Pdts formulated w/o active yeasts/ferm. Improvers,12,OCEA
287,0.5,Improver vs Crown,Lebanon,Pdts formulated w/o active yeasts/ferm. Improvers,24,Middle East Africa
288,0.5,Re-formula of BBA,Indonesia,Pure functionnal ingredients,12,Overseas APAC
289,0.5,Re-formulate of BBA,Indonesia,Pure functionnal ingredients,24,Overseas APAC
290,0.5,Core New crop 2025,United Kingdom,Pdts formulated w/o active yeasts/ferm. Improvers,12,Western Europe
291,0.5,improver for softness and elasticity of the crumb for brioche bread,Poland,Pdts formulated w/o active yeasts/ferm. Improvers,12,OCEA
292,0.5,ST 2265 - Optiva LS Prime G,Malaysia,Pdts formulated w/o active yeasts/ferm. Improvers,12,Overseas APAC
293,0.5,vitesse ibis,United Kingdom of Great Britain and Northern Ireland,Pdts formulated w/o active yeasts/ferm. Improvers,12,Western Europe
294,0.5,bread improver,United Kingdom of Great Britain and Northern Ireland,Pdts formulated w/o active yeasts/ferm. Improvers,12,Western Europe
295,0.483,"PIZZA INN
SYMBISA","Kenya
Zimbabwe
South Africa",Pdts formulated w/ active yeasts/ferm (>90%),12,Overseas Africa
296,0.3,Reformulation with the reduction of lecithin,"Indonesia
vietnam",Pdts formulated w/o active yeasts/ferm. Improvers,24,Overseas APAC
297,0.3,Intégration formule historique  projet qualité de la donnée,Morocco,Pdts formulated w/o active yeasts/ferm. Improvers,24,Middle East Africa
298,0.3,"Reformulation de l'Ibis Bleu (F301347) afin d'apporter autant de couleur que 4% sucre, comme rajouté par certains boulangers pour réduire la cuisson
et moins sécher le pain. Formule retenue suite BC Casa et baptisé Ibis Platinium",Morocco,Pdts formulated w/o active yeasts/ferm. Milling Correctors. Optimix,12,Middle East Africa
299,0.3,relaxer,United Kingdom of Great Britain and Northern Ireland,Pdts formulated w/o active yeasts/ferm. Improvers,12,Western Europe
300,0.25,Optimix for Magimix Fino,Egypt,Pdts formulated w/o active yeasts/ferm. Improvers,24,Middle East Africa
301,0.25,OPTIMIX,United Kingdom of Great Britain and Northern Ireland,Pdts formulated w/o active yeasts/ferm. Milling Correctors. Optimix,12,Western Europe
302,0.2,LAUCKE,Australia,Pdts formulated w/o active yeasts/ferm. Improvers,12,Overseas APAC
303,0.2,Magimix VoluBoost,Nigeria,Pdts formulated w/o active yeasts/ferm. Improvers,24,Middle East Africa
304,0.2,Magimix Soft ‘n fresh,Nigeria,Pdts formulated w/o active yeasts/ferm. Improvers,24,Middle East Africa
305,0.2,IMPROVER,Chile,Pdts formulated w/o active yeasts/ferm. Improvers,9,LATAM
306,0.2,Rattrapage données historiques LIF,Gambia,Pdts formulated w/o active yeasts/ferm. Milling Correctors. Optimix,12,Middle East Africa
307,0.2,Nouveau Correcteur NASSIM remplaçant F600416 pour mise en conformité réglem gambienne sur la fortification,Morocco,Pdts formulated w/o active yeasts/ferm. Milling Correctors. Optimix,12,Middle East Africa
308,0.15,Functional Bread Improver,Turkey,Pdts formulated w/o active yeasts/ferm. Improvers,12,MECA
309,0.1,PASTA NOODLE,Congo,Pdts formulated w/o active yeasts/ferm. Milling Correctors. Optimix,24,Overseas Africa
310,0.1,corrector,Poland,Pure functionnal ingredients,12,OCEA
311,0.1,gluten replacer,Saudi Arabia,Pdts formulated w/o active yeasts/ferm. Improvers,12,MECA
312,0.1,Protect Uni,Ukraine,Pdts formulated w/o active yeasts/ferm. Mixes/Premixes,12,OCEA
313,0.1,"lv4
S400",Germany,Starters for sourdoughs,18,Western Europe
314,0.1,Gluten Enhancer,Kenya,Pdts formulated w/o active yeasts/ferm. Improvers,12,Middle East Africa
315,0.05,"PIZZA HUT
YGB PAN IMPROVER
YGB PAN
FROZEN DOUGH",United States of America,Pdts formulated w/o active yeasts/ferm. Improvers,24,North America
316,0.05,"Issue de Safmill 12 pour proposer correcteur éco pour récolte Maroc. Dénomination Safmill38 correcteur meunier. version avec amylase plus
concentrée.",Morocco,Pdts formulated w/o active yeasts/ferm. Milling Correctors. Optimix,12,Middle East Africa
317,0.025,Vitamix with Folic,United Kingdom,Pdts formulated w/o active yeasts/ferm. Milling Correctors. Optimix,12,Western Europe
318,0.02,Magimix Oga Dough,Nigeria,Pdts formulated w/o active yeasts/ferm. Improvers,24,Middle East Africa
319,0.02,Magimix Supreme softnes,Nigeria,Pdts formulated w/o active yeasts/ferm. Improvers,24,Middle East Africa
320,0.01,SAFMILL R24 E,France,Pdts formulated w/o active yeasts/ferm. Milling Correctors. Optimix,24,Western Europe
321,0.01,SAFMILL R24 G,France,Pdts formulated w/o active yeasts/ferm. Milling Correctors. Optimix,12,Western Europe
322,0.01,KEN 101 - Saf-Mill,Kenya,Pdts formulated w/o active yeasts/ferm. Milling Correctors. Optimix,12,Middle East Africa
323,0.01,Soft LCZ,Czech Republic,Pdts formulated w/o active yeasts/ferm. Improvers,12,OCEA
324,0.008,"R25
AXIANE
Safizym XYL R25",France,Pdts formulated w/o active yeasts/ferm. Milling Correctors. Optimix,9,Western Europe
325,0.002,"Pure Product
Packaging: PE+Bag",Turkey,Pure functionnal ingredients,12,MECA
326,3.5, extend shelf life,United Kingdom,Pure functionnal ingredients,12,Western Europe
327,1.2,,Russian Federation,Pdts formulated w/ active yeasts/ferm (>90%),9,OCEA
328,0.25,,United States of America,Acidifiers,12,North America
329,100.0,,United Kingdom,Pdts formulated w/o active yeasts/ferm. Mixes/Premixes,12,Western Europe
330,1.0,,Poland,Pdts formulated w/o active yeasts/ferm. Improvers,12,OCEA
331,30.0,,Czech Republic,Pdts formulated w/o active yeasts/ferm. Mixes/Premixes,6,OCEA
332,50.0,,Turkey,Pdts formulated w/o active yeasts/ferm. Mixes/Premixes,12,MECA
333,50.0,,Turkey,Pdts formulated w/o active yeasts/ferm. Mixes/Premixes,12,MECA
334,100.0,,Turkey,Pdts formulated w/o active yeasts/ferm. Mixes/Premixes,12,MECA
335,0.5,,Senegal,Pdts formulated w/o active yeasts/ferm. Improvers,12,Overseas Africa
336,1.0,,"Turkey
Jordan",Pdts formulated w/o active yeasts/ferm. Mixes/Premixes,12,MECA
337,50.0,,Turkey,Pdts formulated w/o active yeasts/ferm. Mixes/Premixes,12,MECA
338,100.0,,Turkey,Pdts formulated w/o active yeasts/ferm. Mixes/Premixes,12,MECA
339,100.0,,Turkey,Pdts formulated w/o active yeasts/ferm. Mixes/Premixes,12,MECA
340,100.0,,Turkey,Pdts formulated w/o active yeasts/ferm. Mixes/Premixes,12,MECA
341,30.0,,Turkey,Live sourdoughs,2,MECA
342,0.5,,Turkey,Pdts formulated w/o active yeasts/ferm. Improvers,12,MECA
343,1.0,,Australia,Pure functionnal ingredients,12,Overseas APAC
344,1.0,,Australia,Pdts formulated w/o active yeasts/ferm. Improvers,12,Overseas APAC
345,40.0,,Greece,Fermented products preparations,6,Western Europe
346,1.0,,Russian Federation,Pdts formulated w/o active yeasts/ferm. Improvers,24,OCEA
347,0.04,,Turkey,Pdts formulated w/o active yeasts/ferm. Improvers,12,MECA
348,0.06,,"Spain
Portugal",Pdts formulated w/o active yeasts/ferm. Milling Correctors. Optimix,6,Western Europe
349,0.01,,Spain,Pdts formulated w/o active yeasts/ferm. Milling Correctors. Optimix,12,Western Europe
350,0.5,,Saudi Arabia,Pdts formulated w/o active yeasts/ferm. Improvers,12,MECA
351,1.0,,Poland,Pdts formulated w/o active yeasts/ferm. Improvers,12,OCEA
352,1.0,,Poland,Pdts formulated w/o active yeasts/ferm. Improvers,12,OCEA
353,0.5,,Poland,Pdts formulated w/o active yeasts/ferm. Improvers,12,OCEA
354,1.0,,Brazil,Pdts formulated w/o active yeasts/ferm. Improvers,12,LATAM
355,0.5,,Poland,Pdts formulated w/o active yeasts/ferm. Improvers,12,OCEA
356,1.0,,Kenya,Pdts formulated w/o active yeasts/ferm. Improvers,12,Overseas Africa
357,1.0,,Poland,Pdts formulated w/o active yeasts/ferm. Improvers,12,OCEA
358,5.0,,Poland,Pure functionnal ingredients,12,OCEA
359,0.5,,United Kingdom of Great Britain and Northern Ireland,Pdts formulated w/o active yeasts/ferm. Improvers,12,Western Europe
360,1.0,,Poland,Pdts formulated w/o active yeasts/ferm. Improvers,12,OCEA
361,0.5,,Czech Republic,Pdts formulated w/o active yeasts/ferm. Improvers,6,OCEA
362,1.0,,France,Pdts formulated w/o active yeasts/ferm. Improvers,12,Western Europe
363,0.2,,Kenya,Pdts formulated w/o active yeasts/ferm. Improvers,12,Overseas Africa
364,0.2,," 
Kenya",Pdts formulated w/o active yeasts/ferm. Improvers,12,Overseas Africa
365,30.0,,Czech Republic,Pdts formulated w/o active yeasts/ferm. Mixes/Premixes,6,OCEA
366,100.0,,"Ghana
Kenya
Tanzania, United Republic of
Uganda",Pdts formulated w/o active yeasts/ferm. Mixes/Premixes,12,Overseas Africa
367,15.0,,Senegal,Pdts formulated w/o active yeasts/ferm. Mixes/Premixes,12,Overseas Africa
368,1.0,,Poland,Pdts formulated w/o active yeasts/ferm. Improvers,12,OCEA
369,1.0,,United Kingdom,Pdts formulated w/o active yeasts/ferm. Improvers,12,Western Europe
370,1.0,,Poland,Pdts formulated w/o active yeasts/ferm. Improvers,12,OCEA
371,1.0,,Poland,Pdts formulated w/o active yeasts/ferm. Improvers,12,OCEA
372,0.5,,Turkey,Pdts formulated w/o active yeasts/ferm. Improvers,12,MECA
373,0.002,,Turkey,Pure functionnal ingredients,12,MECA
374,0.5,,United Kingdom of Great Britain and Northern Ireland,Pdts formulated w/o active yeasts/ferm. Improvers,12,Western Europe
375,0.2,,Turkey,Pdts formulated w/o active yeasts/ferm. Improvers,12,MECA
376,0.2,," 
Kenya",Pdts formulated w/o active yeasts/ferm. Improvers,12,Overseas Africa
377,0.025,,United Kingdom,Pdts formulated w/o active yeasts/ferm. Milling Correctors. Optimix,12,Western Europe
378,0.5,,United Kingdom,Pdts formulated w/o active yeasts/ferm. Milling Correctors. Optimix,12,Western Europe
379,15.0,,"Ukraine
Poland",Pdts formulated w/o active yeasts/ferm. Mixes/Premixes,12,OCEA
380,0.5,,Poland,Pdts formulated w/o active yeasts/ferm. Improvers,12,OCEA
381,1.0,,Poland,Pdts formulated w/o active yeasts/ferm. Improvers,12,OCEA
382,1.5,,Italy,Pdts formulated w/o active yeasts/ferm. Improvers,24,Western Europe
383,1.0,,France,Pdts formulated w/o active yeasts/ferm. Improvers,24,Western Europe
384,100.0,,"Kenya
Tanzania, United Republic of
Uganda",Pdts formulated w/o active yeasts/ferm. Mixes/Premixes,12,Overseas Africa
385,100.0,," 
Kenya",Pdts formulated w/o active yeasts/ferm. Mixes/Premixes,12,Overseas Africa
386,1.0,,Italy,Pdts formulated w/o active yeasts/ferm. Improvers,24,Western Europe
387,1.0,,Saudi Arabia,Pdts formulated w/ active yeasts/ferm (>90%),24,MECA
388,3.6,,Russian Federation,Pdts formulated w/ active yeasts/ferm (<90%),9,OCEA
389,30.0,,Poland,Pdts formulated w/o active yeasts/ferm. Mixes/Premixes,12,OCEA
390,20.0,,Poland,Pdts formulated w/o active yeasts/ferm. Mixes/Premixes,12,OCEA
391,20.0,,Poland,Pdts formulated w/o active yeasts/ferm. Mixes/Premixes,12,OCEA
392,30.0,,Jordan,Pdts formulated w/o active yeasts/ferm. Mixes/Premixes,12,MECA
393,5.0,,Poland,Pdts formulated w/o active yeasts/ferm. Improvers,12,OCEA
394,1.0,,Turkey,Pdts formulated w/o active yeasts/ferm. Improvers,24,MECA
395,5.0,,Spain,Live sourdoughs,3,Western Europe
396,1.0,,France,Pdts formulated w/o active yeasts/ferm. Improvers,24,Western Europe
397,0.1,,Turkey,Pdts formulated w/o active yeasts/ferm. Improvers,12,MECA
398,0.25,,United Kingdom,Pdts formulated w/o active yeasts/ferm. Milling Correctors. Optimix,12,Western Europe
399,10.0,,United Kingdom,Pdts formulated w/o active yeasts/ferm. Mixes/Premixes,12,Western Europe
400,10.0,,United Kingdom,Pdts formulated w/o active yeasts/ferm. Mixes/Premixes,12,Western Europe
401,20.0,,Poland,Pdts formulated w/o active yeasts/ferm. Mixes/Premixes,12,OCEA
402,30.0,,Poland,Pdts formulated w/o active yeasts/ferm. Mixes/Premixes,12,OCEA
403,1.0,,Poland,Pdts formulated w/o active yeasts/ferm. Improvers,12,OCEA
404,50.0,,Poland,Pdts formulated w/o active yeasts/ferm. Mixes/Premixes,12,OCEA
405,15.8,,United Kingdom,Pdts formulated w/o active yeasts/ferm. Mixes/Premixes,9,Western Europe
406,1.0,,Czech Republic,Pdts formulated w/o active yeasts/ferm. Improvers,6,OCEA
407,0.5,,United Kingdom,Pdts formulated w/o active yeasts/ferm. Improvers,12,Western Europe
408,0.5,,United Kingdom,Pdts formulated w/o active yeasts/ferm. Improvers,12,Western Europe
409,0.5,,United Kingdom,Pdts formulated w/o active yeasts/ferm. Improvers,12,Western Europe
410,0.01,,Mexico,Pdts formulated w/o active yeasts/ferm. Mixes/Premixes,12,LATAM
411,1.0,,Jordan,Functional ingr. Deativ yeastsw/ red effect,12,MECA
412,0.5,,Russian Federation,Pdts formulated w/o active yeasts/ferm. Improvers,24,OCEA
413,2.5,,Poland,Pdts formulated w/o active yeasts/ferm. Improvers,12,OCEA
414,15.0,,Poland,Pdts formulated w/o active yeasts/ferm. Mixes/Premixes,12,OCEA
415,0.5,,Jordan,Pure functionnal ingredients,12,MECA
416,2.0,,"Ukraine
Poland",Pdts formulated w/o active yeasts/ferm. Improvers,12,OCEA
417,1.0,,Turkey,Pdts formulated w/o active yeasts/ferm. Improvers,12,MECA
418,0.3,,Turkey,Pdts formulated w/o active yeasts/ferm. Improvers,12,MECA
419,0.5,,Turkey,Pdts formulated w/o active yeasts/ferm. Improvers,12,MECA
420,100.0,,Czech Republic,Pdts formulated w/o active yeasts/ferm. Mixes/Premixes,6,OCEA
421,8.0,,Turkey,Pdts formulated w/o active yeasts/ferm. Mixes/Premixes,12,MECA
422,8.0,,Turkey,Pdts formulated w/o active yeasts/ferm. Mixes/Premixes,12,MECA
423,5.0001,,United Kingdom,Pdts formulated w/o active yeasts/ferm. Mixes/Premixes,18,Western Europe
424,1.0,,Turkey,Pdts formulated w/o active yeasts/ferm. Improvers,12,MECA
425,15.0,,Chile,Live sourdoughs,3,LATAM
426,100.0,,United Kingdom,Pdts formulated w/o active yeasts/ferm. Mixes/Premixes,12,Western Europe
427,1.0,,Lebanon,Pure functionnal ingredients,12,Middle East Africa
428,50.0,,"UAE
Saudi Arabia",Pdts formulated w/o active yeasts/ferm. Mixes/Premixes,12,Middle East Africa
429,1.0,,Iraq,Pdts formulated w/o active yeasts/ferm. Improvers,12,Middle East Africa
430,0.1,,Jordan,Pdts formulated w/o active yeasts/ferm. Improvers,12,MECA
431,1.0,,Poland,Pdts formulated w/o active yeasts/ferm. Improvers,12,OCEA
432,10.0,,Romania,Devitalized sourdoughs,6,OCEA
433,1.0,,Russian Federation,Pdts formulated w/o active yeasts/ferm. Improvers,24,OCEA
434,20.0,,Ukraine,Pdts formulated w/o active yeasts/ferm. Mixes/Premixes,12,OCEA
435,30.0,,Saudi Arabia,Pdts formulated w/o active yeasts/ferm. Mixes/Premixes,12,Middle East Africa
436,50.0,,"KSA,UAE
Saudi Arabia",Pdts formulated w/o active yeasts/ferm. Mixes/Premixes,12,Middle East Africa
437,0.7,,Poland,Pdts formulated w/o active yeasts/ferm. Improvers,12,OCEA
438,1.0,,Poland,Pdts formulated w/o active yeasts/ferm. Improvers,12,OCEA
439,100.0,,Saudi Arabia,Pdts formulated w/o active yeasts/ferm. Mixes/Premixes,12,Middle East Africa
440,50.0,,Saudi Arabia,Pdts formulated w/o active yeasts/ferm. Mixes/Premixes,12,Middle East Africa
441,0.6,,Egypt,Pdts formulated w/o active yeasts/ferm. Milling Correctors. Optimix,12,Middle East Africa
442,0.03,,Egypt,Pdts formulated w/o active yeasts/ferm. Milling Correctors. Optimix,12,Middle East Africa
443,1.0,,"Czech Republic
Slovakia",Pdts formulated w/o active yeasts/ferm. Improvers,8,OCEA
444,3.0,,Ukraine,Pdts formulated w/o active yeasts/ferm. Improvers,12,OCEA
445,1.5,,Ukraine,Pdts formulated w/o active yeasts/ferm. Improvers,12,OCEA
446,0.6,,Egypt,Pdts formulated w/o active yeasts/ferm. Milling Correctors. Optimix,12,Middle East Africa
447,0.6,,Egypt,Pdts formulated w/o active yeasts/ferm. Milling Correctors. Optimix,12,Middle East Africa
448,50.0,,Poland,Pdts formulated w/o active yeasts/ferm. Mixes/Premixes,12,OCEA
449,100.0,,Kenya,Pdts formulated w/o active yeasts/ferm. Mixes/Premixes,12,Middle East Africa
450,0.2,,Kenya,Pdts formulated w/o active yeasts/ferm. Improvers,12,Middle East Africa
451,0.5,,Kenya,Pdts formulated w/o active yeasts/ferm. Improvers,12,Middle East Africa
452,0.2,,Kenya,Pdts formulated w/o active yeasts/ferm. Improvers,12,Middle East Africa
453,0.1,," 
Kenya",Pdts formulated w/o active yeasts/ferm. Milling Correctors. Optimix,12,Middle East Africa
454,1.0,," 
Kenya",Pdts formulated w/o active yeasts/ferm. Improvers,12,Middle East Africa
455,0.1,,Turkey,Pdts formulated w/o active yeasts/ferm. Improvers,12,MECA
456,0.1,,Turkey,Pdts formulated w/o active yeasts/ferm. Improvers,12,MECA
457,0.1,,Turkey,Pdts formulated w/o active yeasts/ferm. Improvers,12,MECA
458,3.0,,South Africa,Pdts formulated w/o active yeasts/ferm. Improvers,12,Overseas Africa
459,0.03,,Poland,Pdts formulated w/o active yeasts/ferm. Milling Correctors. Optimix,12,OCEA
460,0.3,,Egypt,Pdts formulated w/o active yeasts/ferm. Milling Correctors. Optimix,12,Middle East Africa
461,0.03,,Egypt,Pdts formulated w/o active yeasts/ferm. Milling Correctors. Optimix,12,Middle East Africa
462,1.0,,Saudi Arabia,Pdts formulated w/o active yeasts/ferm. Improvers,12,Middle East Africa
463,2.0,,Turkey,Pdts formulated w/o active yeasts/ferm. Improvers,12,Middle East Africa
464,2.0,,Turkey,Pdts formulated w/o active yeasts/ferm. Improvers,12,Middle East Africa
465,10.0,,Lithuania,Pdts formulated w/o active yeasts/ferm. Mixes/Premixes,12,OCEA
466,30.0,,Saudi Arabia,Pdts formulated w/o active yeasts/ferm. Mixes/Premixes,12,Middle East Africa
467,0.15,,Egypt,Pdts formulated w/o active yeasts/ferm. Improvers,12,Middle East Africa
468,0.5,,Egypt,Pdts formulated w/o active yeasts/ferm. Improvers,12,Middle East Africa
469,0.3,,Egypt,Pdts formulated w/o active yeasts/ferm. Improvers,12,Middle East Africa
470,1.0,,Egypt,Pdts formulated w/o active yeasts/ferm. Improvers,12,Middle East Africa
471,0.3,,Egypt,Pdts formulated w/o active yeasts/ferm. Improvers,12,Middle East Africa
472,100.0,,Poland,Pdts formulated w/o active yeasts/ferm. Mixes/Premixes,12,OCEA
473,1.0,,Czech Republic,Pdts formulated w/o active yeasts/ferm. Improvers,9,OCEA
474,50.0,,Poland,Pdts formulated w/o active yeasts/ferm. Mixes/Premixes,12,OCEA
475,0.1,,"Burkina Faso
Malta",Pdts formulated w/o active yeasts/ferm. Mixes/Premixes,24,Middle East Africa
476,80.0,,Poland,Pdts formulated w/o active yeasts/ferm. Mixes/Premixes,12,OCEA
477,1.0,,Norway,Pdts formulated w/o active yeasts/ferm. Improvers,24,Western Europe
478,52.5,,"Argentina
Uruguay",Pdts formulated w/o active yeasts/ferm. Milling Correctors. Optimix,12,LATAM
479,0.5,,"Ireland
United Kingdom",Pdts formulated w/o active yeasts/ferm. Improvers,12,Western Europe
480,15.0,,Hungary,Pdts formulated w/o active yeasts/ferm. Mixes/Premixes,12,OCEA
481,0.3,,Saudi Arabia,Pdts formulated w/o active yeasts/ferm. Improvers,12,Middle East Africa
482,1.0,,Poland,Pdts formulated w/o active yeasts/ferm. Improvers,12,OCEA
483,10.0,,Lithuania,Pdts formulated w/o active yeasts/ferm. Mixes/Premixes,12,OCEA
484,0.7,,Poland,Pdts formulated w/o active yeasts/ferm. Mixes/Premixes,12,OCEA
485,0.1,,"Poland
Czech Republic",Pdts formulated w/o active yeasts/ferm. Improvers,12,OCEA
486,20.0,,Iraq,Pdts formulated w/o active yeasts/ferm. Mixes/Premixes,6,Middle East Africa
487,0.3,,Jordan,Pure functionnal ingredients,12,MECA
488,3.0,,Ukraine,Pdts formulated w/o active yeasts/ferm. Improvers,12,OCEA
489,0.5,,Ireland,Pdts formulated w/o active yeasts/ferm. Improvers,12,Western Europe
490,0.5,,Ireland,Pdts formulated w/o active yeasts/ferm. Improvers,12,Western Europe
491,1.5,,Ukraine,Pdts formulated w/o active yeasts/ferm. Improvers,12,OCEA
492,0.5,,Qatar,Pdts formulated w/o active yeasts/ferm. Improvers,12,Middle East Africa
493,6.12,,United Kingdom,Pdts formulated w/o active yeasts/ferm. Mixes/Premixes,12,Western Europe
494,1.0,,Qatar,Pdts formulated w/o active yeasts/ferm. Improvers,12,Middle East Africa
495,1.0,,Turkey,Pdts formulated w/o active yeasts/ferm. Improvers,12,Middle East Africa
496,1.3,,Poland,Pdts formulated w/o active yeasts/ferm. Improvers,12,OCEA
497,1.0,,Poland,Pdts formulated w/o active yeasts/ferm. Improvers,12,OCEA
498,100.0,,United Kingdom,Pure functionnal ingredients,12,Western Europe
499,0.3,,Turkey,Pdts formulated w/o active yeasts/ferm. Improvers,12,Middle East Africa
500,0.1,,Turkey,Pdts formulated w/o active yeasts/ferm. Improvers,12,Middle East Africa
501,0.1,,Turkey,Pdts formulated w/o active yeasts/ferm. Improvers,12,Middle East Africa
502,0.04,,Turkey,Pdts formulated w/o active yeasts/ferm. Improvers,12,Middle East Africa
503,100.0,,Turkey,Decorations,12,Middle East Africa
504,100.0,,Turkey,Decorations,12,Middle East Africa
505,30.0,,Poland,Pdts formulated w/o active yeasts/ferm. Mixes/Premixes,12,OCEA
506,0.5,,China,Pdts formulated w/o active yeasts/ferm. Mixes/Premixes,18,Greater China
507,30.0,,"Italy
Spain",Functional ingr. Deativ yeastsw/ red effect,12,Western Europe
508,50.0,,Italy,Functional ingr. Deativ yeastsw/ red effect,12,Western Europe
509,50.0,,Italy,Functional ingr. Deativ yeastsw/ red effect,12,Western Europe
510,50.0,,Italy,Functional ingr. Deativ yeastsw/ red effect,12,Western Europe
511,3.64,,Indonesia,Pdts formulated w/ active yeasts/ferm (<90%),9,Overseas APAC
512,0.3,,Turkey,Pdts formulated w/o active yeasts/ferm. Improvers,12,Middle East Africa
513,1.0,,Czech Republic,Pdts formulated w/o active yeasts/ferm. Improvers,8,OCEA
514,1.0,,Poland,Pdts formulated w/o active yeasts/ferm. Improvers,12,OCEA
515,100.0,,Spain,Pdts formulated w/o active yeasts/ferm. Mixes/Premixes,6,Western Europe
516,100.0,,Spain,Pdts formulated w/o active yeasts/ferm. Mixes/Premixes,6,Western Europe
517,2.0,,Russian Federation,Pdts formulated w/o active yeasts/ferm. Improvers,12,OCEA
518,1.0,,Czech Republic,Pdts formulated w/o active yeasts/ferm. Improvers,9,OCEA
519,26.25,,Czech Republic,Pdts formulated w/o active yeasts/ferm. Mixes/Premixes,6,OCEA
520,10.0,,Czech Republic,Pdts formulated w/o active yeasts/ferm. Mixes/Premixes,6,OCEA
521,1.0,,Malaysia,Pdts formulated w/o active yeasts/ferm. Improvers,18,Overseas APAC
522,1.0,,Malaysia,Pdts formulated w/o active yeasts/ferm. Improvers,12,Overseas APAC
523,1.0,,Malaysia,Pdts formulated w/o active yeasts/ferm. Improvers,18,Overseas APAC
524,0.5,,"Malaysia
Japan",Pdts formulated w/o active yeasts/ferm. Improvers,18,Overseas APAC
525,25.0,,Slovenia,Pdts formulated w/o active yeasts/ferm. Mixes/Premixes,12,OCEA
526,0.01,,France,Pdts formulated w/o active yeasts/ferm. Milling Correctors. Optimix,12,Western Europe
527,0.2,,"United States of America
France",Pdts formulated w/o active yeasts/ferm. Improvers,24,North America
528,100.0,,Poland,Pdts formulated w/o active yeasts/ferm. Mixes/Premixes,12,OCEA
529,100.0,,Poland,Pdts formulated w/o active yeasts/ferm. Mixes/Premixes,12,OCEA
530,100.0,,Poland,Pdts formulated w/o active yeasts/ferm. Mixes/Premixes,12,OCEA
531,1.0,,Austria,Pdts formulated w/o active yeasts/ferm. Improvers,12,OCEA
532,100.0,,Italy,Pdts formulated w/o active yeasts/ferm. Mixes/Premixes,12,Western Europe
533,0.2,,Brazil,Pdts formulated w/o active yeasts/ferm. Improvers,12,LATAM
534,1.0,,Austria,Pdts formulated w/o active yeasts/ferm. Improvers,12,OCEA
535,100.0,,Czech Republic,Pdts formulated w/o active yeasts/ferm. Mixes/Premixes,6,OCEA
536,15.0,,Hungary,Decorations,12,OCEA
537,1.0,,Slovenia,Pdts formulated w/o active yeasts/ferm. Improvers,12,OCEA
538,6.3,,Switzerland,Pdts formulated w/o active yeasts/ferm. Mixes/Premixes,12,Western Europe
539,6.3,,Switzerland,Pdts formulated w/o active yeasts/ferm. Mixes/Premixes,12,Western Europe
540,10.0,,France,Live sourdoughs,3,Western Europe
541,10.0,,Czech Republic,Pdts formulated w/o active yeasts/ferm. Mixes/Premixes,6,OCEA
542,1.0,,Saudi Arabia,Pdts formulated w/o active yeasts/ferm. Improvers,12,Middle East Africa
543,20.0,,Czech Republic,Pdts formulated w/o active yeasts/ferm. Mixes/Premixes,6,OCEA
544,20.0,,Czech Republic,Pdts formulated w/o active yeasts/ferm. Mixes/Premixes,6,OCEA
545,50.0,,Italy,Pdts formulated w/o active yeasts/ferm. Mixes/Premixes,9,Western Europe
546,50.0,,Italy,Pdts formulated w/o active yeasts/ferm. Mixes/Premixes,9,Western Europe
547,0.5,,Senegal,Pdts formulated w/o active yeasts/ferm. Improvers,12,Middle East Africa
548,0.5,,Senegal,Pdts formulated w/o active yeasts/ferm. Improvers,24,Middle East Africa
549,3.0,,Russian Federation,Pdts formulated w/o active yeasts/ferm. Improvers,24,OCEA
550,0.1,,Russian Federation,Pdts formulated w/o active yeasts/ferm. Improvers,6,OCEA
551,50.0,,Italy,Pdts formulated w/o active yeasts/ferm. Mixes/Premixes,12,Western Europe
552,13.217,,United Kingdom,Pdts formulated w/o active yeasts/ferm. Mixes/Premixes,12,Western Europe
553,20.0,,Czech Republic,Pdts formulated w/o active yeasts/ferm. Mixes/Premixes,6,OCEA
554,0.5,,Turkey,Pdts formulated w/o active yeasts/ferm. Improvers,12,Middle East Africa
555,0.4,,Slovenia,Pdts formulated w/o active yeasts/ferm. Improvers,12,OCEA
556,1.5,,Saudi Arabia,Pdts formulated w/o active yeasts/ferm. Improvers,12,Middle East Africa
557,1.0,,Spain,Pdts formulated w/o active yeasts/ferm. Improvers,12,Western Europe
558,0.8,,Spain,Pdts formulated w/o active yeasts/ferm. Improvers,12,Western Europe
559,0.8,,Spain,Pdts formulated w/o active yeasts/ferm. Improvers,12,Western Europe
560,1.0,,Spain,Pdts formulated w/o active yeasts/ferm. Improvers,12,Western Europe
561,1.0,,Spain,Pdts formulated w/o active yeasts/ferm. Improvers,12,Western Europe
562,1.1,,United States of America,Pure functionnal ingredients,24,North America
563,1.1,,United States of America,Pure functionnal ingredients,24,North America
564,1.0,,United States of America,Pure functionnal ingredients,24,North America
565,2.0,,Spain,Pdts formulated w/o active yeasts/ferm. Improvers,12,Western Europe
566,100.0,,"Croatia
Bosnia and Herzegovina
Macedonia
Albania",Pdts formulated w/o active yeasts/ferm. Mixes/Premixes,9,OCEA
567,100.0,,"Croatia
Bosnia and Herzegovina
Albania
Kosovo",Pdts formulated w/o active yeasts/ferm. Mixes/Premixes,9,OCEA
568,100.0,,"Croatia
Bosnia and Herzegovina
Albania
Kosovo",Pdts formulated w/o active yeasts/ferm. Mixes/Premixes,9,OCEA
569,1.0,,"Philippines
Thailand
Indonesia
m
Malaysia",Instant dry yeasts,24,Overseas APAC
570,37.0,,Poland,Pdts formulated w/o active yeasts/ferm. Mixes/Premixes,12,OCEA
571,100.0,,United Kingdom,Pdts formulated w/o active yeasts/ferm. Mixes/Premixes,9,Western Europe
572,100.0,,United Kingdom,Pdts formulated w/o active yeasts/ferm. Mixes/Premixes,12,Western Europe
573,100.0,,United Kingdom,Pdts formulated w/o active yeasts/ferm. Mixes/Premixes,12,Western Europe
574,100.0,,United Kingdom,Pdts formulated w/o active yeasts/ferm. Mixes/Premixes,12,Western Europe
575,100.0,,United Kingdom,Pdts formulated w/o active yeasts/ferm. Mixes/Premixes,12,Western Europe
576,100.0,,United Kingdom,Pdts formulated w/o active yeasts/ferm. Mixes/Premixes,12,Western Europe
577,100.0,,United Kingdom,Pdts formulated w/o active yeasts/ferm. Mixes/Premixes,12,Western Europe
578,100.0,,United Kingdom,Pdts formulated w/o active yeasts/ferm. Mixes/Premixes,12,Western Europe
579,100.0,,United Kingdom,Pdts formulated w/o active yeasts/ferm. Mixes/Premixes,12,Western Europe
580,50.0,,Austria,Pdts formulated w/o active yeasts/ferm. Mixes/Premixes,9,OCEA
581,12.5,,United Kingdom,Devitalized sourdoughs,12,Western Europe
582,1.0,,France,Active dry yeasts,24,Western Europe
583,1.0,,France,Active dry yeasts,24,Western Europe
584,20.0,,Slovenia,Pdts formulated w/o active yeasts/ferm. Mixes/Premixes,12,OCEA
585,1.0,,Brazil,Pdts formulated w/o active yeasts/ferm. Improvers,12,LATAM
586,1.0,,Brazil,Pdts formulated w/o active yeasts/ferm. Improvers,12,LATAM
587,0.5,,Poland,Pdts formulated w/o active yeasts/ferm. Improvers,12,OCEA
588,10.0,,United Kingdom,Pure functionnal ingredients,12,Western Europe
589,10.0,,United Kingdom,Pure functionnal ingredients,12,Western Europe
590,50.0,,Croatia,Pdts formulated w/o active yeasts/ferm. Mixes/Premixes,12,OCEA
591,0.01,,Argentina,Pdts formulated w/ active yeasts/ferm (>90%),10,LATAM
592,0.5,,"Korea, Republic of",Pdts formulated w/o active yeasts/ferm. Improvers,24,Overseas APAC
593,20.0,,Bulgaria,Pdts formulated w/o active yeasts/ferm. Mixes/Premixes,12,OCEA
594,1.0,,United Kingdom,Pdts formulated w/o active yeasts/ferm. Mixes/Premixes,12,Western Europe
595,1.0,,Russian Federation,Pdts formulated w/o active yeasts/ferm. Improvers,24,OCEA
596,1.0,,Italy,Pdts formulated w/o active yeasts/ferm. Improvers,12,Western Europe
597,1.0,,Italy,Pdts formulated w/o active yeasts/ferm. Improvers,12,Western Europe
598,1.0,,Italy,Pdts formulated w/o active yeasts/ferm. Improvers,12,Western Europe
599,1.0,,Italy,Pdts formulated w/o active yeasts/ferm. Improvers,12,Western Europe
600,15.0,,Croatia,Pdts formulated w/o active yeasts/ferm. Mixes/Premixes,12,OCEA
601,15.0,,United Kingdom,Pure functionnal ingredients,12,Western Europe
602,0.24,,China,Pdts formulated w/o active yeasts/ferm. Improvers,18,Greater China
603,60000.0,,Russian Federation,Pdts formulated w/o active yeasts/ferm. Mixes/Premixes,9,OCEA
604,60.0,,Russian Federation,Pdts formulated w/o active yeasts/ferm. Mixes/Premixes,9,OCEA
605,0.01,,Romania,Pdts formulated w/o active yeasts/ferm. Mixes/Premixes,9,OCEA
606,3.608,,Russian Federation,Pdts formulated w/ active yeasts/ferm (<90%),12,OCEA
607,4.4,,Russian Federation,Pdts formulated w/ active yeasts/ferm (<90%),12,OCEA
608,10.0,,Spain,Starters for sourdoughs,3,Western Europe
609,1.0,,United States of America,Pdts formulated w/o active yeasts/ferm. Improvers,24,North America
610,25.0,,United Kingdom,Pdts formulated w/o active yeasts/ferm. Mixes/Premixes,12,Western Europe
611,3.75,,United States of America,Pdts formulated w/o active yeasts/ferm. Improvers,18,North America
612,50.0,,Croatia,Pdts formulated w/o active yeasts/ferm. Mixes/Premixes,12,OCEA
613,4.0,,United Kingdom,Pdts formulated w/o active yeasts/ferm. Improvers,12,Western Europe
614,0.05,,United States of America,Pure functionnal ingredients,24,North America
615,0.05,,United States of America,Pure functionnal ingredients,24,North America
616,0.01,,"Czech Republic
AE",Pdts formulated w/o active yeasts/ferm. Improvers,12,OCEA
617,2.5,,United Kingdom,Pdts formulated w/o active yeasts/ferm. Improvers,12,Western Europe
618,2.5,,United Kingdom,Pdts formulated w/o active yeasts/ferm. Improvers,12,Western Europe
619,4.0,,Australia,Pdts formulated w/o active yeasts/ferm. Improvers,12,Overseas APAC
620,1.0,,Australia,Pdts formulated w/o active yeasts/ferm. Improvers,12,Overseas APAC
621,1.0,,China,Pdts formulated w/o active yeasts/ferm. Improvers,12,Greater China
622,4.5,,Spain,Pdts formulated w/o active yeasts/ferm. Improvers,12,Western Europe
623,1.0,,Spain,Pdts formulated w/o active yeasts/ferm. Improvers,12,Western Europe
624,0.2,,"Kenya
Tanzania, United Republic of
Uganda",Pdts formulated w/o active yeasts/ferm. Improvers,12,Overseas Africa
625,0.5,,"Kenya
Tanzania, United Republic of
Uganda",Pdts formulated w/o active yeasts/ferm. Improvers,12,Overseas Africa
626,0.5,,"Kenya
Tanzania, United Republic of
Uganda",Pdts formulated w/o active yeasts/ferm. Improvers,12,Overseas Africa
627,0.5,," 
Kenya
Tanzania, United Republic of
Uganda",Pdts formulated w/o active yeasts/ferm. Improvers,12,Overseas Africa
628,0.5,,"Kenya
Tanzania, United Republic of
Uganda",Pdts formulated w/o active yeasts/ferm. Improvers,12,Overseas Africa
629,0.5,,France,Pdts formulated w/o active yeasts/ferm. Improvers,12,Overseas Africa
630,1.0,,Kenya,Pdts formulated w/o active yeasts/ferm. Improvers,12,Overseas Africa
631,100.0,,Turkey,Pdts formulated w/o active yeasts/ferm. Mixes/Premixes,12,MECA
632,100.0,,Turkey,Pdts formulated w/o active yeasts/ferm. Mixes/Premixes,12,MECA
633,0.2,,Gambia,Pdts formulated w/o active yeasts/ferm. Milling Correctors. Optimix,24,Overseas Africa
634,10.0,,Ukraine,Pdts formulated w/o active yeasts/ferm. Mixes/Premixes,12,OCEA
635,0.5,,United Kingdom of Great Britain and Northern Ireland,Pdts formulated w/o active yeasts/ferm. Improvers,12,Western Europe
636,0.5,,United Kingdom of Great Britain and Northern Ireland,Pdts formulated w/o active yeasts/ferm. Improvers,12,Western Europe
637,0.5,,United Kingdom of Great Britain and Northern Ireland,Pdts formulated w/o active yeasts/ferm. Improvers,12,Western Europe
638,0.5,,United Kingdom of Great Britain and Northern Ireland,Pdts formulated w/o active yeasts/ferm. Improvers,12,Western Europe
639,0.5,,United Kingdom of Great Britain and Northern Ireland,Pdts formulated w/o active yeasts/ferm. Improvers,12,Western Europe
640,0.5,,United Kingdom of Great Britain and Northern Ireland,Pdts formulated w/o active yeasts/ferm. Improvers,12,Western Europe
641,5.0,,United Kingdom of Great Britain and Northern Ireland,Pdts formulated w/o active yeasts/ferm. Improvers,12,Western Europe
642,0.5,,United Kingdom of Great Britain and Northern Ireland,Pdts formulated w/o active yeasts/ferm. Improvers,12,Western Europe
643,0.3,,United Kingdom of Great Britain and Northern Ireland,Pdts formulated w/o active yeasts/ferm. Improvers,12,Western Europe
644,0.5,,United Kingdom of Great Britain and Northern Ireland,Pdts formulated w/o active yeasts/ferm. Improvers,12,Western Europe
645,0.5,,United Kingdom of Great Britain and Northern Ireland,Pdts formulated w/o active yeasts/ferm. Improvers,12,Western Europe
646,0.5,,United Kingdom of Great Britain and Northern Ireland,Pdts formulated w/o active yeasts/ferm. Improvers,12,Western Europe
647,2.0,,United Kingdom of Great Britain and Northern Ireland,Pdts formulated w/o active yeasts/ferm. Improvers,12,Western Europe
648,1.0,,United Kingdom of Great Britain and Northern Ireland,Pdts formulated w/o active yeasts/ferm. Improvers,12,Western Europe
649,1.0,,United Kingdom of Great Britain and Northern Ireland,Acidifiers,12,Western Europe
650,3.0,,United Kingdom of Great Britain and Northern Ireland,Pdts formulated w/o active yeasts/ferm. Milling Correctors. Optimix,12,Western Europe
651,100.0,,United Kingdom of Great Britain and Northern Ireland,Pdts formulated w/o active yeasts/ferm. Mixes/Premixes,12,Western Europe
652,5.0,,United Kingdom of Great Britain and Northern Ireland,Pdts formulated w/o active yeasts/ferm. Mixes/Premixes,12,Western Europe
653,7.0,,United Kingdom of Great Britain and Northern Ireland,Pdts formulated w/o active yeasts/ferm. Mixes/Premixes,12,Western Europe
654,7.0,,United Kingdom of Great Britain and Northern Ireland,Pdts formulated w/o active yeasts/ferm. Mixes/Premixes,12,Western Europe
655,8.4,,United Kingdom of Great Britain and Northern Ireland,Pdts formulated w/o active yeasts/ferm. Mixes/Premixes,12,Western Europe
656,10.0,,United Kingdom of Great Britain and Northern Ireland,Pdts formulated w/o active yeasts/ferm. Mixes/Premixes,12,Western Europe
657,10.0,,United Kingdom of Great Britain and Northern Ireland,Pdts formulated w/o active yeasts/ferm. Mixes/Premixes,12,Western Europe
658,10.0,,United Kingdom of Great Britain and Northern Ireland,Pdts formulated w/o active yeasts/ferm. Mixes/Premixes,12,Western Europe
659,10.0,,United Kingdom of Great Britain and Northern Ireland,Pdts formulated w/o active yeasts/ferm. Mixes/Premixes,12,Western Europe
660,1.0,,United Kingdom of Great Britain and Northern Ireland,Pdts formulated w/o active yeasts/ferm. Improvers,12,Western Europe
661,0.5,,United Kingdom of Great Britain and Northern Ireland,Pdts formulated w/o active yeasts/ferm. Improvers,12,Western Europe
662,100.0,,United Kingdom of Great Britain and Northern Ireland,Pdts formulated w/o active yeasts/ferm. Mixes/Premixes,12,Western Europe
663,1.0,,United Kingdom of Great Britain and Northern Ireland,Functional ingr. Deativ yeastsw/ red effect,12,Western Europe
664,1.0,,United Kingdom of Great Britain and Northern Ireland,Pdts formulated w/o active yeasts/ferm. Milling Correctors. Optimix,12,Western Europe
